name,handedness,height,weight,avg,HR
Adolfo Phillips,Right Handed,73,175,0.247,59
Al Bumbry,Left Handed,68,170,0.281,54
Al Cowens,Right Handed,73,197,0.27,108
Al Downing,Right Handed,71,175,0.127,2
Al Ferrara,Right Handed,73,200,0.259,51
Al Gallagher,Right Handed,72,180,0.263,11
Al Jones,Right Handed,76,210,0,0
Al Lachowicz,Right Handed,75,198,0,0
Al Luplow,Left Handed,70,175,0.235,33
Al Oliver,Left Handed,72,195,0.303,219
Al Weis,Both Handed,72,160,0.219,7
Al Woods,Left Handed,75,190,0.271,35
Alan Ashby,Both Handed,74,185,0.245,90
Alan Bannister,Right Handed,71,170,0.27,19
Alan Knicely,Right Handed,72,190,0.213,12
Alan Wiggins,Both Handed,74,160,0.259,5
Alan Wirth,Right Handed,76,190,0,0
Albert Hall,Both Handed,71,155,0.251,5
Albert Williams,Right Handed,76,190,0,0
Alex Johnson,Right Handed,72,205,0.288,78
Alex Sanchez,Right Handed,74,185,0,0
Alex Trevino,Right Handed,70,165,0.249,23
Alfredo Martinez,Right Handed,75,185,0,0
Allan Ramirez,Right Handed,70,180,0,0
Amos Otis,Right Handed,71,165,0.277,193
Andre Robertson,Right Handed,70,155,0.251,5
Andre Thornton,Right Handed,75,200,0.254,253
Andres Mora,Right Handed,72,180,0.223,27
Andres Thomas,Right Handed,73,170,0.234,42
Andy Beene,Right Handed,75,205,0,0
Andy Etchebarren,Right Handed,73,190,0.235,49
Andy Kosco,Right Handed,75,205,0.236,73
Andy Messersmith,Right Handed,73,200,0.17,5
Andy Replogle,Right Handed,77,205,0,0
Angel Mangual,Right Handed,70,178,0.245,22
Angel Moreno,Left Handed,69,165,0,0
Angel Salazar,Right Handed,72,180,0.212,2
Art Howe,Right Handed,74,190,0.26,43
Art Shamsky,Left Handed,73,168,0.253,68
Aurelio Rodriguez,Right Handed,70,180,0.237,124
Bake McBride,Left Handed,74,190,0.299,63
Barbaro Garbey,Right Handed,70,170,0.267,11
Barry Bonnell,Right Handed,75,190,0.272,56
Barry Cort,Right Handed,77,210,0,0
Barry Evans,Right Handed,73,180,0.251,2
Barry Foote,Right Handed,75,205,0.23,57
Barry Raziano,Both Handed,70,175,0,0
Ben Callahan,Right Handed,79,230,0,0
Ben Oglivie,Left Handed,74,160,0.273,235
Benny Ayala,Right Handed,73,185,0.251,38
Bernie Allen,Left Handed,72,175,0.239,73
Bernie Carbo,Left Handed,71,173,0.264,96
Bert Bradley,Both Handed,73,190,0,0
Bert Campaneris,Right Handed,70,160,0.259,79
Biff Pocoroba,Both Handed,70,175,0.257,21
Bill Almon,Right Handed,75,180,0.254,36
Bill Buckner,Left Handed,72,185,0.289,174
Bill Castro,Right Handed,71,170,0,0
Bill Fahey,Left Handed,72,200,0.241,7
Bill Freehan,Right Handed,75,203,0.262,200
Bill Fulton,Right Handed,75,195,0,0
Bill Madlock,Right Handed,71,180,0.305,163
Bill Melton,Right Handed,74,200,0.253,160
Bill Mooneyham,Right Handed,72,175,0,0
Bill Moran,Right Handed,76,210,0,0
Bill Nahorodny,Right Handed,74,200,0.241,25
Bill Paschall,Right Handed,72,175,0,0
Bill Plummer,Right Handed,73,190,0.188,14
Bill Robinson,Right Handed,74,189,0.258,166
Bill Russell,Right Handed,72,175,0.263,46
Bill Sample,Right Handed,69,175,0.272,46
Bill Schroeder,Right Handed,74,200,0.24,61
Bill Sharp,Left Handed,70,178,0.255,9
Bill Stein,Right Handed,70,170,0.267,44
Bill Sudakis,Both Handed,73,190,0.234,59
Bill Voss,Left Handed,74,160,0.227,19
Bill Wilkinson,Right Handed,70,160,0,0
Billy Bryan,Left Handed,76,200,0.216,41
Billy Conigliaro,Right Handed,72,180,0.256,40
Billy Cowan,Right Handed,72,170,0.236,40
Billy Grabarkewitz,Right Handed,70,165,0.236,28
Billy North,Both Handed,71,185,0.261,20
Billy Smith,Both Handed,74,185,0.23,17
Bo Diaz,Right Handed,71,185,0.255,87
Bob Babcock,Right Handed,77,210,0,0
Bob Bailey,Right Handed,73,180,0.257,189
Bob Bailor,Right Handed,71,170,0.264,9
Bob Barton,Right Handed,72,175,0.226,9
Bob Boone,Right Handed,74,195,0.254,105
Bob Brenly,Right Handed,74,210,0.247,91
Bob Brower,Right Handed,71,185,0.242,17
Bob Burda,Left Handed,71,174,0.224,13
Bob Chance,Left Handed,74,196,0.261,24
Bob Coluccio,Right Handed,71,183,0.22,26
Bob Davidson,Right Handed,72,185,0,0
Bob Davis,Right Handed,72,180,0.197,6
Bob Dernier,Right Handed,72,160,0.255,23
Bob Didier,Both Handed,72,190,0.229,0
Bob Fallon,Left Handed,75,200,0,0
Bob Ferris,Right Handed,78,225,0,0
Bob Forsch,Right Handed,76,200,0.213,12
Bob Galasso,Left Handed,73,205,0,0
Bob Heise,Right Handed,72,175,0.247,1
Bob Horner,Right Handed,73,195,0.277,218
Bob Johnson,Right Handed,70,175,0.272,44
Bob Jones,Left Handed,74,195,0.221,20
Bob Kammeyer,Right Handed,76,210,0,0
Bob Kearney,Right Handed,72,190,0.233,27
Bob Knepper,Left Handed,75,195,0.137,6
Bob Meacham,Both Handed,73,175,0.236,8
Bob Molinaro,Left Handed,72,190,0.264,14
Bob Montgomery,Right Handed,73,195,0.258,23
Bob Oliver,Right Handed,75,205,0.256,94
Bob Randall,Right Handed,74,175,0.257,1
Bob Robertson,Right Handed,73,195,0.242,115
Bob Stinson,Both Handed,71,180,0.25,33
Bob Tillman,Right Handed,76,205,0.232,79
Bob Uecker,Right Handed,73,190,0.2,14
Bob Veale,Both Handed,78,212,0.114,0
Bob Veselic,Right Handed,72,175,0,0
Bob Watson,Right Handed,72,201,0.295,184
Bobby Bonds,Right Handed,73,190,0.268,332
Bobby Brown,Both Handed,74,190,0.245,26
Bobby Clark,Right Handed,72,190,0.239,19
Bobby Cox,Right Handed,71,180,0.225,9
Bobby Cuellar,Right Handed,71,188,0,0
Bobby Darwin,Right Handed,74,190,0.251,83
Bobby Grich,Right Handed,74,180,0.266,224
Bobby Klaus,Right Handed,70,170,0.208,6
Bobby Knoop,Right Handed,73,170,0.236,56
Bobby Mitchell_1,Left Handed,70,170,0.243,3
Bobby Mitchell_2,Right Handed,75,185,0.235,21
Bobby Murcer,Left Handed,71,160,0.277,252
Bobby Tolan,Left Handed,71,170,0.265,86
Bobby Valentine,Right Handed,70,189,0.26,12
Bobby Wine,Right Handed,73,187,0.215,30
Bombo Rivera,Right Handed,70,187,0.265,10
Boog Powell,Left Handed,76,230,0.266,339
Boots Day,Left Handed,69,160,0.256,8
Brad Wellman,Right Handed,72,170,0.231,6
Brant Alyea,Right Handed,75,215,0.247,38
Brian Allard,Right Handed,73,175,0,0
Brian Asselstine,Left Handed,73,175,0.254,12
Brian Denman,Right Handed,76,205,0,0
Brian Dubois,Left Handed,70,165,0,0
Brian Giles,Right Handed,73,165,0.228,10
Brian Snyder,Left Handed,75,185,0,0
Britt Burns,Left Handed,77,215,0,0
Brock Davis,Left Handed,70,160,0.26,1
Broderick Perkins,Left Handed,70,180,0.271,8
Bruce Benedict,Right Handed,73,175,0.242,18
Bruce Bochte,Left Handed,75,195,0.282,100
Bruce Bochy,Right Handed,75,205,0.239,26
Bruce Boisclair,Left Handed,74,185,0.263,10
Bruce Ellingsen,Left Handed,72,180,0,0
Bruce Miller,Right Handed,73,185,0.246,1
Bruce Robbins,Left Handed,73,190,0,0
Bruce Tanner,Left Handed,75,220,0,0
Bruce Taylor,Right Handed,72,178,0,0
Bryan Clutterbuck,Right Handed,76,223,0,0
Bryan Kelly,Right Handed,74,195,0,0
Bryan Little,Both Handed,70,160,0.245,3
Bryan Oelkers,Left Handed,75,192,0,0
Bubba Morton,Right Handed,70,175,0.267,14
Buck Martinez,Right Handed,70,190,0.225,58
Buck Rodgers,Both Handed,74,190,0.232,31
Bucky Dent,Right Handed,69,170,0.247,40
Bud Anderson,Right Handed,75,210,0,0
Bud Harrelson,Both Handed,71,160,0.236,7
Buddy Bell,Right Handed,73,180,0.279,201
Buddy Biancalana,Both Handed,71,160,0.205,6
Buddy Bradford,Right Handed,71,170,0.226,52
Bump Wills,Both Handed,69,172,0.266,36
Burt Hooton,Right Handed,73,210,0.123,4
Butch Edge,Right Handed,75,203,0,0
Butch Hobson,Right Handed,73,193,0.248,98
Butch Wynegar,Both Handed,73,190,0.255,65
Byron Browne,Right Handed,74,190,0.236,30
Byron McLaughlin,Right Handed,73,175,0,0
Cap Peterson,Right Handed,74,195,0.23,19
Cardell Camper,Right Handed,75,208,0,0
Carl Morton,Right Handed,72,200,0.156,7
Carl Taylor,Right Handed,74,200,0.266,10
Carl Warwick,Right Handed,70,170,0.248,31
Carl Yastrzemski,Left Handed,71,175,0.285,452
Carlos May,Left Handed,71,200,0.274,90
Carlos Velazquez,Right Handed,71,180,0,0
Carmen Fanzone,Right Handed,72,200,0.224,20
Catfish Hunter,Right Handed,72,190,0.226,6
Cecil Cooper,Left Handed,74,165,0.298,241
Cesar Cedeno,Right Handed,74,175,0.285,199
Cesar Geronimo,Left Handed,72,165,0.258,51
Cesar Gutierrez,Right Handed,69,155,0.235,0
Cesar Tovar,Right Handed,69,155,0.278,46
Champ Summers,Left Handed,74,205,0.255,54
Charley Smith,Right Handed,73,170,0.239,69
Charlie James,Right Handed,73,195,0.255,29
Charlie Mitchell,Right Handed,75,170,0,0
Charlie Moore,Right Handed,71,180,0.261,36
Charlie Spikes,Right Handed,75,215,0.246,65
Chet Lemon,Right Handed,72,190,0.273,215
Chico Escarrega,Right Handed,71,185,0,0
Chico Ruiz,Both Handed,72,169,0.24,2
Chico Salmon,Right Handed,70,160,0.249,31
Chris Bando,Both Handed,72,195,0.227,27
Chris Batton,Right Handed,76,195,0,0
Chris Brown,Right Handed,72,185,0.269,38
Chris Cannizzaro,Right Handed,72,190,0.235,18
Chris Chambliss,Left Handed,73,195,0.279,185
Chris Knapp,Right Handed,77,195,0,0
Chris Speier,Right Handed,73,175,0.246,112
Chuck Harrison,Right Handed,70,185,0.238,17
Chuck Hiller,Left Handed,71,170,0.243,20
Chuck Hinton,Right Handed,73,180,0.264,113
Chuck Hockenbery,Both Handed,73,195,0,0
Chuck Porter,Right Handed,75,187,0,0
Chuck Schilling,Right Handed,70,160,0.239,23
Cito Gaston,Right Handed,75,190,0.256,91
Claudell Washington,Left Handed,72,190,0.278,164
Clay Christiansen,Right Handed,77,205,0,0
Clay Dalrymple,Left Handed,72,190,0.233,55
Cleon Jones,Right Handed,72,185,0.281,93
Cliff Johnson,Right Handed,76,215,0.258,196
Clint Hurdle,Left Handed,75,195,0.259,32
Clint Zavaras,Right Handed,73,175,0,0
Coco Laboy,Right Handed,70,165,0.233,28
Colby Ward,Right Handed,74,185,0,0
Cookie Rojas,Right Handed,70,160,0.263,54
Craig Chamberlain,Right Handed,73,190,0,0
Craig Eaton,Right Handed,71,175,0,0
Craig Kusick,Right Handed,75,210,0.235,46
Craig Mitchell,Right Handed,75,180,0,0
Craig Reynolds,Left Handed,73,175,0.256,42
Craig Robinson,Right Handed,70,165,0.219,0
Curt Blefary,Left Handed,74,195,0.237,112
Curt Ford,Left Handed,70,150,0.245,7
Curt Kaufman,Right Handed,74,175,0,0
Curt Motton,Right Handed,68,164,0.213,25
Curt Wardle,Left Handed,77,220,0,0
Dal Maxvill,Right Handed,71,157,0.217,6
Dale Berra,Right Handed,72,180,0.236,49
Dalton Jones,Left Handed,73,180,0.235,41
Damaso Garcia,Right Handed,73,165,0.283,36
Dan Briggs,Left Handed,72,180,0.195,12
Dan Driessen,Left Handed,71,187,0.267,153
Dan Ford,Right Handed,73,185,0.27,121
Dan Meyer,Left Handed,71,180,0.253,86
Dan Morogiello,Left Handed,73,200,0,0
Dane Iorg,Left Handed,72,180,0.276,14
Danny Ainge,Right Handed,76,175,0.22,2
Danny Cater,Right Handed,72,170,0.276,66
Danny Fife,Right Handed,75,175,0,0
Danny Goodwin,Left Handed,73,195,0.236,13
Danny Thompson,Right Handed,72,183,0.248,15
Danny Walton,Right Handed,72,195,0.223,28
Darrel Chaney,Both Handed,74,188,0.217,14
Darrell Brown,Both Handed,72,184,0.274,1
Darrell Evans,Left Handed,74,200,0.248,414
Darrell Porter,Left Handed,72,193,0.247,188
Darryl Motley,Right Handed,69,196,0.243,44
Daryl Sconiers,Left Handed,74,185,0.265,15
Daryl Smith,Right Handed,76,185,0,0
Dave Campbell,Right Handed,73,180,0.213,20
Dave Cash,Right Handed,71,170,0.283,21
Dave Chalk,Right Handed,70,175,0.252,15
Dave Collins,Both Handed,71,175,0.272,32
Dave Concepcion,Right Handed,74,155,0.267,101
Dave Duncan,Right Handed,74,190,0.214,109
Dave Edwards,Right Handed,72,170,0.237,14
Dave Engle,Right Handed,75,210,0.262,31
Dave Ford,Right Handed,76,190,0,0
Dave Frost,Right Handed,78,235,0,0
Dave Hilton,Right Handed,71,191,0.213,6
Dave Hostetler,Right Handed,76,215,0.229,37
Dave Johnson,Right Handed,73,183,0,0
Dave Kingman,Right Handed,78,210,0.236,442
Dave Lemanczyk,Right Handed,76,235,0,0
Dave Marshall,Left Handed,73,182,0.246,16
Dave May,Left Handed,70,186,0.251,96
Dave McKay,Both Handed,73,195,0.229,21
Dave McNally,Right Handed,71,185,0.133,9
Dave Nelson,Right Handed,70,160,0.244,20
Dave Nicholson,Right Handed,74,215,0.212,61
Dave Rader,Left Handed,71,165,0.257,30
Dave Rajsich,Left Handed,77,175,0,0
Dave Revering,Left Handed,76,210,0.265,62
Dave Roberts_1,Right Handed,75,215,0.239,49
Dave Roberts_2,Left Handed,75,195,0.194,7
Dave Rosello,Right Handed,71,160,0.236,10
Dave Skaggs,Right Handed,74,200,0.241,3
Dave Smith,Right Handed,73,190,0,0
Dave Stapleton_1,Left Handed,73,185,0,0
Dave Stapleton_2,Right Handed,73,178,0.271,41
Davey Johnson,Right Handed,73,170,0.261,136
Davey Lopes,Right Handed,69,170,0.263,155
David Green,Right Handed,75,170,0.268,31
De Wayne Buice,Right Handed,72,170,0,0
De Wayne Vaughn,Right Handed,71,180,0,0
Dean Chance,Right Handed,75,200,0.066,0
Del Unser,Left Handed,73,180,0.258,87
Denis Menke,Right Handed,72,185,0.25,101
Dennis Burtt,Right Handed,72,180,0,0
Dennis DeBarr,Left Handed,74,190,0,0
Denny Doyle,Left Handed,69,175,0.25,16
Denny Lemaster,Right Handed,73,182,0.13,4
Denny McLain,Right Handed,73,185,0.133,1
Deron Johnson,Right Handed,74,200,0.244,245
Derrel Thomas,Both Handed,72,160,0.249,43
Dewey Robinson,Right Handed,72,180,0,0
Dick Allen,Right Handed,71,187,0.292,351
Dick Bertell,Right Handed,72,200,0.25,10
Dick Billings,Right Handed,73,195,0.227,16
Dick Davis,Right Handed,75,190,0.265,27
Dick Dietz,Right Handed,73,195,0.261,66
Dick Green,Right Handed,70,180,0.24,80
Dick Howser,Right Handed,68,155,0.248,16
Dick McAuliffe,Left Handed,71,176,0.247,197
Dick Nen,Left Handed,74,200,0.224,21
Dick Phillips,Left Handed,72,180,0.229,12
Dick Ruthven,Right Handed,75,190,0.183,1
Dick Simpson,Right Handed,76,176,0.207,15
Dick Tracewski,Right Handed,71,160,0.213,8
Doc Edwards,Right Handed,74,215,0.238,15
Domingo Ramos,Right Handed,70,154,0.24,8
Don Baylor,Right Handed,73,190,0.26,338
Don Buford,Both Handed,67,160,0.264,93
Don Cooper,Right Handed,73,185,0,0
Don Gordon,Right Handed,73,175,0,0
Don Hahn,Right Handed,73,180,0.236,7
Don Kainer,Right Handed,75,205,0,0
Don Kessinger,Both Handed,73,170,0.252,14
Don Leppert,Right Handed,74,220,0.229,15
Don Lock,Right Handed,74,195,0.238,122
Don Mason,Left Handed,71,160,0.205,3
Don Mincher,Left Handed,75,205,0.249,200
Don Money,Right Handed,73,170,0.261,176
Don Sutton,Right Handed,73,185,0.144,0
Don Welchel,Right Handed,76,205,0,0
Don Wert,Right Handed,70,162,0.242,77
Don Wilson,Right Handed,74,195,0.146,1
Donn Clendenon,Right Handed,76,209,0.274,159
Doug Ault,Right Handed,75,200,0.236,17
Doug Camilli,Right Handed,71,195,0.199,18
Doug Clemens,Left Handed,72,180,0.229,12
Doug DeCinces,Right Handed,74,190,0.259,237
Doug Flynn,Right Handed,71,165,0.238,7
Doug Frobel,Left Handed,76,196,0.201,20
Doug Griffin,Right Handed,72,160,0.245,7
Doug Rader,Right Handed,74,208,0.251,155
Duane Josephson,Right Handed,72,190,0.258,23
Duane Kuiper,Left Handed,72,175,0.271,1
Duane Walker,Left Handed,72,185,0.229,24
Duffy Dyer,Right Handed,72,187,0.221,30
Duke Sims,Left Handed,74,197,0.239,100
Dusty Baker,Right Handed,74,183,0.278,242
Dwayne Murphy,Left Handed,73,185,0.246,166
Earl Williams,Right Handed,75,215,0.247,138
Ed Brinkman,Right Handed,72,170,0.224,60
Ed Charles,Right Handed,70,170,0.263,86
Ed Crosby,Left Handed,74,175,0.22,0
Ed Goodson,Left Handed,75,180,0.26,30
Ed Herrmann,Left Handed,73,195,0.24,80
Ed Hodge,Left Handed,74,192,0,0
Ed Kirkpatrick,Left Handed,71,195,0.238,85
Ed Kranepool,Left Handed,75,205,0.261,118
Ed Ott,Left Handed,70,190,0.259,33
Ed Romero,Right Handed,71,160,0.247,8
Ed Spiezio,Right Handed,71,180,0.238,39
Ed Stroud,Left Handed,71,180,0.237,14
Eddie Leon,Right Handed,72,170,0.236,24
Eddie Milner,Left Handed,71,173,0.253,42
Elio Chacon,Right Handed,69,160,0.232,4
Ellie Hendricks,Left Handed,73,175,0.22,62
Ellie Rodriguez,Right Handed,71,185,0.245,16
Elliott Maddox,Right Handed,71,180,0.261,18
Ellis Valentine,Right Handed,76,205,0.278,123
Enos Cabell,Right Handed,76,170,0.277,60
Enzo Hernandez,Right Handed,68,155,0.224,2
Eric Hetzel,Right Handed,75,175,0,0
Eric Soderholm,Right Handed,71,187,0.264,102
Eric Wilkins,Right Handed,73,190,0,0
Felix Millan,Right Handed,71,172,0.279,22
Felix Torres,Right Handed,71,165,0.254,27
Fergie Jenkins,Right Handed,77,205,0.165,13
Fernando Arroyo,Right Handed,74,180,0,0
Fernando Gonzalez,Right Handed,70,165,0.235,17
Floyd Rayford,Right Handed,70,190,0.244,38
Floyd Robinson,Left Handed,69,175,0.283,67
Fran Healy,Right Handed,77,220,0.25,20
Francisco Barrios,Right Handed,71,155,0,0
Frank Dimichele,Right Handed,75,205,0,0
Frank Duffy,Right Handed,73,180,0.232,26
Frank Eufemia,Right Handed,71,185,0,0
Frank Fernandez,Right Handed,72,185,0.199,39
Frank Quilici,Right Handed,73,170,0.214,5
Frank Taveras,Right Handed,72,155,0.255,2
Frank Tepedino,Left Handed,71,185,0.241,6
Frank White,Right Handed,71,165,0.255,160
Fred Howard,Right Handed,75,190,0,0
Fred Kendall,Right Handed,73,185,0.234,31
Fred Lynn,Left Handed,73,185,0.283,306
Fred Norman,Both Handed,68,155,0.125,0
Fred Stanley,Right Handed,70,165,0.216,10
Fred Whitfield,Left Handed,73,190,0.253,108
Freddie Patek,Right Handed,65,148,0.242,41
Fritz Peterson,Both Handed,72,185,0.159,2
Gail Hopkins,Left Handed,70,198,0.266,25
Garry Hancock,Left Handed,72,175,0.247,12
Garry Maddox,Right Handed,75,175,0.285,117
Garth Iorg,Right Handed,71,170,0.258,20
Gary Alexander,Right Handed,74,195,0.23,55
Gary Allenson,Right Handed,71,185,0.221,19
Gary Beare,Right Handed,76,205,0,0
Gary Christenson,Left Handed,77,200,0,0
Gary Gray,Right Handed,72,187,0.24,24
Gary Ignasiak,Right Handed,71,185,0,0
Gary Lance,Both Handed,75,195,0,0
Gary Matthews,Right Handed,74,185,0.281,234
Gary Mielke,Right Handed,75,185,0,0
Gary Nolan,Right Handed,74,197,0.138,1
Gary Roenicke,Right Handed,75,205,0.247,121
Gary Sutherland,Right Handed,72,185,0.243,24
Gary Thomasson,Left Handed,73,180,0.249,61
Gary Ward,Right Handed,74,195,0.276,130
Gary Wheelock,Right Handed,75,205,0,0
Gary Woods,Right Handed,74,185,0.243,13
Gates Brown,Left Handed,71,220,0.257,84
Gaylord Perry,Right Handed,76,205,0.131,6
Gene Alley,Right Handed,70,160,0.254,55
Gene Clines,Right Handed,69,170,0.277,5
Gene Locklear,Left Handed,70,165,0.274,9
Gene Michael,Both Handed,74,183,0.229,15
Gene Richards,Left Handed,72,175,0.29,26
Gene Tenace,Right Handed,72,190,0.241,201
George Foster,Right Handed,73,180,0.274,348
George Hendrick,Right Handed,75,195,0.278,267
George Mitterwald,Right Handed,74,195,0.236,76
George Scott,Right Handed,74,200,0.268,271
George Smith,Right Handed,70,170,0.205,9
George Vukovich,Left Handed,72,198,0.268,27
George Wright,Both Handed,71,180,0.245,42
Gil Garrido,Right Handed,69,150,0.237,1
Gil Patterson,Right Handed,73,185,0,0
Glen Cook,Right Handed,71,180,0,0
Glenn Adams,Left Handed,73,180,0.28,34
Glenn Beckert,Right Handed,73,190,0.283,22
Glenn Borgmann,Right Handed,76,210,0.229,16
Glenn Burke,Right Handed,72,195,0.237,2
Glenn Hoffman,Right Handed,73,175,0.242,23
Glenn Hubbard,Right Handed,69,150,0.244,70
Gorman Heimueller,Left Handed,76,195,0,0
Gorman Thomas,Right Handed,74,210,0.225,268
Graig Nettles,Left Handed,72,180,0.248,390
Greg Erardi,Right Handed,73,190,0,0
Greg Gross,Left Handed,70,160,0.287,7
Greg Luzinski,Right Handed,73,220,0.276,307
Greg Pryor,Right Handed,72,180,0.25,14
Greg Thayer,Right Handed,71,182,0,0
Greg Walker,Left Handed,75,205,0.26,113
Hal Breeden,Right Handed,74,200,0.243,21
Hal King,Left Handed,73,200,0.214,24
Hal Lanier,Right Handed,74,180,0.228,8
Hal McRae,Right Handed,71,180,0.29,191
Hank Allen,Right Handed,72,190,0.241,6
Harry Spilman,Left Handed,73,180,0.237,18
Hector Cruz,Right Handed,71,170,0.225,39
Hector Torres,Right Handed,72,175,0.216,18
Horace Clarke,Both Handed,69,170,0.256,27
Hosken Powell,Left Handed,73,175,0.259,17
Howard Bailey,Right Handed,72,195,0,0
Howie Goss,Right Handed,76,204,0.216,11
Ike Brookens,Right Handed,77,170,0,0
Ike Brown,Right Handed,72,190,0.256,20
Israel Sanchez,Left Handed,69,170,0,0
Ivan DeJesus,Right Handed,71,175,0.254,21
Ivan Murrell,Right Handed,74,195,0.236,33
J.R. Richard,Right Handed,80,222,0.168,10
Jack Billingham,Right Handed,76,195,0.111,0
Jack Brohamer,Left Handed,70,165,0.245,30
Jack Hardy,Right Handed,74,175,0,0
Jack Heidemann,Right Handed,72,175,0.211,9
Jack Hiatt,Right Handed,74,190,0.251,22
Jack Lazorko,Right Handed,71,200,0,0
Jack Perconte,Left Handed,70,160,0.27,2
Jackie Gutierrez,Right Handed,71,175,0.237,4
Jackie Hernandez,Right Handed,71,165,0.208,12
Jaime Cocanower,Right Handed,76,200,0,0
Jake Gibbs,Left Handed,72,180,0.233,25
Jake Wood,Right Handed,73,163,0.25,35
Jason Thompson,Left Handed,76,200,0.261,208
Jay Johnstone,Left Handed,73,175,0.267,102
Jay Pettibone,Right Handed,76,182,0,0
Jeff Barkley,Both Handed,75,185,0,0
Jeff Bettendorf,Right Handed,75,180,0,0
Jeff Burroughs,Right Handed,73,200,0.261,240
Jeff Byrd,Right Handed,75,195,0,0
Jeff Holly,Left Handed,77,210,0,0
Jeff Jones,Right Handed,75,210,0,0
Jeff Newman,Right Handed,74,215,0.224,63
Jeff Peterek,Right Handed,74,195,0,0
Jeff Richardson,Right Handed,75,185,0,0
Jeff Rineer,Left Handed,76,205,0,0
Jeff Schattinger,Left Handed,77,200,0,0
Jeff Schneider,Both Handed,75,195,0,0
Jeff Sellers,Right Handed,73,175,0,0
Jeff Shaver,Right Handed,75,195,0,0
Jeff Stone,Left Handed,72,175,0.277,11
Jeff Torborg,Right Handed,72,195,0.214,8
Jeff Twitty,Left Handed,74,185,0,0
Jeffrey Leonard,Right Handed,74,200,0.266,144
Jerry Augustine,Left Handed,72,183,0,0
Jerry Buchek,Right Handed,71,185,0.22,22
Jerry Dybzinski,Right Handed,74,180,0.234,3
Jerry Garvin,Left Handed,75,195,0,0
Jerry Grote,Right Handed,70,185,0.252,39
Jerry Hairston,Both Handed,70,170,0.258,30
Jerry Kenney,Left Handed,73,170,0.237,7
Jerry Koosman,Right Handed,74,205,0.119,2
Jerry Kutzler,Left Handed,73,175,0,0
Jerry Martin,Right Handed,73,195,0.251,85
Jerry May,Right Handed,74,190,0.234,15
Jerry McNertney,Right Handed,72,180,0.237,27
Jerry Morales,Right Handed,70,155,0.259,95
Jerry Moses,Right Handed,75,210,0.251,25
Jerry Mumphrey,Both Handed,74,185,0.289,70
Jerry Narron,Left Handed,75,205,0.211,21
Jerry Remy,Left Handed,69,165,0.275,7
Jerry Reuss,Left Handed,77,200,0.167,1
Jerry Royster,Right Handed,72,165,0.249,40
Jerry Terrell,Right Handed,71,165,0.253,4
Jerry Turner,Left Handed,69,180,0.257,45
Jerry Ujdur,Right Handed,73,195,0,0
Jerry White,Both Handed,70,164,0.253,21
Jerry Zimmerman,Right Handed,74,185,0.204,3
Jesse Gonder,Left Handed,70,180,0.251,26
Jesus Alou,Right Handed,74,190,0.28,32
Jim Anderson,Right Handed,72,170,0.218,13
Jim Barr,Right Handed,75,205,0.162,1
Jim Beauchamp,Right Handed,74,190,0.231,14
Jim Burton,Right Handed,75,195,0,0
Jim Campbell,Left Handed,71,175,0,0
Jim Dorsey,Right Handed,79,190,0,0
Jim Dwyer,Left Handed,70,165,0.26,77
Jim Essian,Right Handed,74,195,0.244,33
Jim Fairey,Left Handed,70,190,0.235,7
Jim Farr,Right Handed,73,195,0,0
Jim Fregosi,Right Handed,73,190,0.265,151
Jim French,Left Handed,68,180,0.196,5
Jim Gideon,Right Handed,75,190,0,0
Jim Gosger,Left Handed,71,185,0.226,30
Jim Hickman,Right Handed,75,192,0.252,159
Jim Holt,Left Handed,72,180,0.265,19
Jim Lefebvre,Both Handed,72,180,0.251,74
Jim Lewis,Right Handed,75,190,0,0
Jim Lonborg,Right Handed,77,200,0.136,3
Jim Lyttle,Left Handed,72,180,0.248,9
Jim Maloney,Left Handed,74,190,0.201,7
Jim Mason,Left Handed,74,185,0.203,12
Jim Morrison,Right Handed,71,175,0.26,112
Jim Nettles,Left Handed,72,186,0.22,16
Jim Norris,Left Handed,70,175,0.264,7
Jim Northrup,Left Handed,75,190,0.267,153
Jim Pankovits,Right Handed,70,170,0.25,9
Jim Price,Right Handed,72,192,0.214,18
Jim Ray Hart,Right Handed,71,185,0.278,170
Jim Rice,Right Handed,74,200,0.298,382
Jim Rooker,Right Handed,72,195,0.201,7
Jim Siwy,Right Handed,76,200,0,0
Jim Spencer,Left Handed,74,195,0.25,146
Jim Sundberg,Right Handed,72,190,0.248,95
Jim Traber,Left Handed,72,194,0.227,27
Jim Umbarger,Left Handed,78,200,0,0
Jim Wohlford,Right Handed,71,175,0.26,21
Jim Wright_1,Right Handed,77,205,0,0
Jim Wright_2,Right Handed,73,165,0,0
Jimmie Hall,Left Handed,72,175,0.254,121
Jimmie Schaffer,Right Handed,69,170,0.223,11
Jimmy Stewart,Both Handed,72,165,0.237,8
Jimmy Wynn,Right Handed,70,160,0.25,291
Joaquin Andujar,Both Handed,72,170,0.127,5
Jody Davis,Right Handed,76,192,0.245,127
Joe Azcue,Right Handed,72,190,0.252,50
Joe Charboneau,Right Handed,74,205,0.266,29
Joe Ferguson,Right Handed,74,200,0.24,122
Joe Foy,Right Handed,72,215,0.248,58
Joe Gaines,Right Handed,73,190,0.241,21
Joe Hague,Left Handed,72,195,0.239,40
Joe Horlen,Right Handed,72,170,0.134,0
Joe Keough,Left Handed,72,185,0.246,9
Joe Lahoud,Left Handed,73,198,0.223,65
Joe Lefebvre,Left Handed,70,170,0.258,31
Joe Lis,Right Handed,72,175,0.233,32
Joe Lovitto,Both Handed,72,185,0.216,4
Joe Morgan,Left Handed,67,160,0.271,268
Joe Niekro,Right Handed,73,185,0.156,1
Joe Nolan,Left Handed,71,175,0.263,27
Joe Nossek,Right Handed,72,178,0.228,3
Joe Pactwa,Left Handed,71,185,0,0
Joe Pepitone,Left Handed,74,185,0.258,219
Joe Rudi,Right Handed,74,200,0.264,179
Joe Simpson,Left Handed,75,175,0.242,9
Joe Skalski,Right Handed,75,190,0,0
Joe Strain,Right Handed,70,169,0.25,1
Joe Torre,Right Handed,74,212,0.297,252
Joe Wallis,Both Handed,71,180,0.244,16
Joel Davis,Left Handed,77,205,0,0
Joel McKeon,Left Handed,72,185,0,0
Joel Youngblood,Right Handed,72,180,0.265,80
John Bateman,Right Handed,75,210,0.23,81
John Boccabella,Right Handed,73,195,0.219,26
John Bohnet,Both Handed,72,175,0,0
John Butcher,Right Handed,76,185,0,0
John Caneira,Right Handed,75,180,0,0
John Castino,Right Handed,71,175,0.278,41
John Denny,Right Handed,75,185,0.17,0
John Donaldson,Left Handed,71,160,0.238,4
John Ellis,Right Handed,74,225,0.262,69
John Flinn,Right Handed,72,175,0,0
John Hale,Left Handed,74,195,0.201,14
John Hobbs,Right Handed,75,190,0,0
John Hoover,Right Handed,74,190,0,0
John Kennedy,Right Handed,72,185,0.225,32
John LaRose,Left Handed,73,185,0,0
John Leister,Right Handed,74,200,0,0
John Lowenstein,Left Handed,72,175,0.253,116
John Mayberry,Left Handed,75,215,0.253,255
John Milner,Left Handed,72,185,0.249,131
John Orsino,Right Handed,75,215,0.249,40
John Pawlowski,Right Handed,74,175,0,0
John Poloni,Left Handed,77,210,0,0
John Stearns,Right Handed,72,185,0.26,46
John Stephenson,Left Handed,71,180,0.216,12
John Trautwein,Right Handed,75,205,0,0
John Vukovich,Right Handed,73,187,0.161,6
John Wathan,Right Handed,74,205,0.262,21
John Wockenfuss,Right Handed,72,190,0.262,86
Johnnie LeMaster,Right Handed,74,165,0.222,22
Johnny Bench,Right Handed,73,197,0.267,389
Johnny Briggs,Left Handed,73,190,0.253,139
Johnny Edwards,Left Handed,76,220,0.242,81
Johnny Grubb,Left Handed,75,175,0.278,99
Johnny Jeter,Right Handed,73,180,0.244,18
Johnny Lewis,Left Handed,73,189,0.227,22
Johnny Oates,Left Handed,71,188,0.25,14
Johnny Ray,Both Handed,71,170,0.29,53
Jorge Orta,Left Handed,70,170,0.278,130
Jose Arcia,Right Handed,75,170,0.215,1
Jose Cardenal,Right Handed,70,150,0.275,138
Jose Cecena,Right Handed,71,180,0,0
Jose Cruz,Left Handed,72,170,0.284,165
Jose Morales,Right Handed,71,187,0.287,26
Jose Roman,Right Handed,72,175,0,0
Jose Tartabull,Left Handed,71,165,0.261,2
Juan Beniquez,Right Handed,71,150,0.274,79
Juan Bonilla,Right Handed,69,170,0.256,7
Juan Marichal,Right Handed,72,185,0.165,4
Juan Nieves,Left Handed,75,175,0,0
Julian Javier,Right Handed,73,175,0.257,78
Julio Cruz,Both Handed,69,165,0.237,23
Julio Gonzalez,Right Handed,71,162,0.235,4
Julio Gotay,Right Handed,72,180,0.26,6
Junior Kennedy,Right Handed,71,175,0.248,4
Junior Moore,Right Handed,71,185,0.264,7
Karl Best,Right Handed,76,190,0,0
Keith Creel,Right Handed,74,180,0,0
Keith Hernandez,Left Handed,72,180,0.296,162
Keith Macwhorter,Right Handed,76,190,0,0
Keith Moreland,Right Handed,72,190,0.279,121
Ken Berry,Right Handed,72,175,0.255,58
Ken Boswell,Left Handed,72,170,0.248,31
Ken Gerhart,Right Handed,72,190,0.221,24
Ken Harrelson,Right Handed,74,190,0.239,131
Ken Henderson,Both Handed,74,180,0.257,122
Ken Holtzman,Right Handed,74,175,0.163,2
Ken Hubbs,Right Handed,74,175,0.247,14
Ken Landreaux,Left Handed,70,165,0.268,91
Ken McMullen,Right Handed,75,190,0.248,156
Ken Phelps,Left Handed,73,209,0.239,123
Ken Reitz,Right Handed,72,180,0.26,68
Ken Retzer,Left Handed,72,185,0.264,14
Ken Rudolph,Right Handed,73,180,0.213,6
Ken Singleton,Both Handed,76,210,0.282,246
Ken Suarez,Right Handed,69,175,0.227,5
Ken Walters,Right Handed,73,180,0.231,11
Kevin Bearse,Left Handed,74,195,0,0
Kevin Bell,Right Handed,72,195,0.222,13
Kevin Mmahat,Left Handed,77,220,0,0
Kevin Stanfield,Left Handed,72,190,0,0
Kiko Garcia,Right Handed,71,180,0.239,12
Kurt Bevacqua,Right Handed,72,180,0.236,27
Lafayette Currence,Both Handed,71,175,0,0
Lamar Johnson,Right Handed,74,215,0.287,64
Larry Anderson,Right Handed,75,190,0,0
Larry Biittner,Left Handed,74,205,0.273,29
Larry Bowa,Both Handed,70,155,0.26,15
Larry Brown,Right Handed,70,160,0.233,47
Larry Cox,Right Handed,70,178,0.221,12
Larry Dierker,Right Handed,76,215,0.136,4
Larry Haney,Right Handed,74,195,0.215,12
Larry Harlow,Left Handed,74,185,0.248,12
Larry Herndon,Right Handed,75,190,0.274,107
Larry Hisle,Right Handed,74,193,0.273,166
Larry Lintz,Both Handed,69,150,0.227,0
Larry Milbourne,Both Handed,72,161,0.254,11
Larry Monroe,Right Handed,76,200,0,0
Larry Parrish,Right Handed,75,190,0.263,256
Larry Pashnick,Right Handed,75,205,0,0
Larry Rothschild,Left Handed,74,180,0,0
Larry Stahl,Left Handed,72,175,0.232,36
Larvell Blanks,Right Handed,68,167,0.253,20
Lee Lacy,Right Handed,73,175,0.286,91
Lee May,Right Handed,75,195,0.267,354
Lee Mazzilli,Both Handed,73,180,0.259,93
Lee Thomas,Left Handed,74,195,0.255,106
Len Gabrielson,Left Handed,76,210,0.253,37
Len Matuszek,Left Handed,74,190,0.234,30
Len Randle,Both Handed,70,169,0.257,27
Len Whitehouse,Left Handed,71,175,0,0
Lenn Sakata,Right Handed,69,160,0.23,25
Lenny Faedo,Right Handed,72,170,0.251,5
Leo Cardenas,Right Handed,71,150,0.257,118
Leon Durham,Left Handed,73,185,0.277,147
Leon Hooten,Right Handed,71,180,0,0
Leon Roberts,Right Handed,75,200,0.267,78
Leron Lee,Left Handed,72,196,0.25,31
Leroy Stanton,Right Handed,73,195,0.244,77
Les Straker,Right Handed,73,193,0,0
Lou Brock,Left Handed,71,170,0.293,149
Lou Clinton,Right Handed,73,185,0.247,65
Lou Johnson,Right Handed,71,170,0.258,48
Lou Piniella,Right Handed,72,182,0.291,102
Luis Aguayo,Right Handed,69,173,0.236,37
Luis Alvarado,Right Handed,69,162,0.214,5
Luis Aponte,Right Handed,72,185,0,0
Luis Encarnacion,Right Handed,70,178,0,0
Luis Gomez,Right Handed,69,150,0.21,0
Luis Melendez,Right Handed,72,165,0.248,9
Luis Pujols,Right Handed,74,175,0.193,6
Luis Quintana,Left Handed,74,175,0,0
Luis Sanchez,Right Handed,74,170,0,0
Luis Tiant,Right Handed,72,180,0.164,5
Lyman Bostock,Left Handed,73,180,0.311,23
Lynn Jones,Right Handed,69,175,0.252,7
Mack Jones,Left Handed,73,180,0.252,133
Manny Castillo,Both Handed,69,160,0.242,3
Manny Jimenez,Left Handed,73,185,0.272,26
Manny Mota,Right Handed,70,160,0.304,31
Manny Sanguillen,Right Handed,72,193,0.296,65
Manny Trillo,Right Handed,73,150,0.263,61
Marc Hill,Right Handed,75,205,0.223,34
Mario Guerrero,Right Handed,70,155,0.257,7
Mario Mendoza,Right Handed,71,170,0.215,4
Mario Soto,Right Handed,72,174,0.132,1
Mark Belanger,Right Handed,73,170,0.228,20
Mark Brouhard,Right Handed,73,210,0.259,25
Mark Brown,Both Handed,74,190,0,0
Mark Ciardi,Right Handed,72,180,0,0
Mark Clear,Right Handed,76,200,0,0
Mark Esser,Right Handed,73,190,0,0
Mark Mercer,Left Handed,77,220,0,0
Mark Smith,Right Handed,74,215,0,0
Mark Souza,Left Handed,72,180,0,0
Mark Wagner,Right Handed,72,165,0.243,3
Marty Martinez,Both Handed,72,170,0.243,0
Marty Perez,Right Handed,71,160,0.246,22
Marv Breeding,Right Handed,72,175,0.25,7
Marvell Wynne,Left Handed,71,175,0.247,40
Matt Williams,Right Handed,73,200,0,0
Matty Alou,Left Handed,69,160,0.307,31
Max Alvis,Right Handed,71,185,0.247,111
Mel Stottlemyre_1,Right Handed,73,178,0.16,7
Mel Stottlemyre_2,Right Handed,72,190,0,0
Merritt Ranew,Left Handed,71,170,0.247,8
Merv Rettenmund,Right Handed,70,190,0.271,66
Mick Kelleher,Right Handed,69,176,0.213,0
Mickey Brantley,Right Handed,70,180,0.259,32
Mickey Hatcher,Right Handed,74,200,0.28,38
Mickey Klutts,Right Handed,71,170,0.241,14
Mickey Lolich,Both Handed,73,170,0.11,0
Mickey Rivers,Left Handed,70,165,0.295,61
Mickey Stanley,Right Handed,73,185,0.248,117
Miguel Dilone,Both Handed,72,160,0.265,6
Mike Anderson,Right Handed,74,200,0.246,28
Mike Andrews,Right Handed,75,195,0.258,66
Mike Bacsik,Right Handed,74,180,0,0
Mike Brown_1,Right Handed,74,195,0.265,23
Mike Brown_2,Right Handed,74,195,0,0
Mike Brumley,Left Handed,70,195,0.229,5
Mike Champion,Right Handed,72,185,0.229,2
Mike Cubbage,Left Handed,72,180,0.258,34
Mike Darr,Right Handed,76,190,0,0
Mike Davis,Left Handed,74,175,0.259,91
Mike de la Hoz,Right Handed,71,175,0.251,25
Mike Diaz,Right Handed,74,195,0.247,31
Mike Easler,Left Handed,72,190,0.293,118
Mike Edwards,Right Handed,70,154,0.25,2
Mike Epstein,Left Handed,75,230,0.244,130
Mike Fiore,Left Handed,72,175,0.227,13
Mike Fischlin,Right Handed,73,165,0.22,3
Mike Hargrove,Left Handed,72,195,0.29,80
Mike Hegan,Left Handed,73,188,0.242,53
Mike Hershberger,Right Handed,70,175,0.252,26
Mike Ivie,Right Handed,75,205,0.269,81
Mike Jones,Left Handed,78,215,0,0
Mike Jorgensen,Left Handed,72,195,0.243,95
Mike Kinnunen,Left Handed,73,185,0,0
Mike Krukow,Right Handed,77,205,0.193,5
Mike Loynd,Right Handed,76,210,0,0
Mike Lum,Left Handed,72,180,0.247,90
Mike Overy,Right Handed,74,190,0,0
Mike Parrott,Right Handed,76,210,0,0
Mike Paxton,Right Handed,71,190,0,0
Mike Pazik,Left Handed,74,195,0,0
Mike Phillips,Left Handed,72,170,0.24,11
Mike Ramsey,Both Handed,73,170,0.24,2
Mike Richardt,Right Handed,72,170,0.226,4
Mike Rochford,Left Handed,76,205,0,0
Mike Ryan,Right Handed,74,205,0.193,28
Mike Sadek,Right Handed,69,165,0.226,5
Mike Schmidt,Right Handed,74,195,0.267,548
Mike Shannon,Right Handed,75,195,0.255,68
Mike Smith,Right Handed,75,180,0,0
Mike Smithson,Left Handed,80,215,0,0
Mike Squires,Left Handed,71,185,0.26,6
Mike Trujillo,Right Handed,73,180,0,0
Mike Tyson,Right Handed,69,170,0.241,27
Mike Vail,Right Handed,73,180,0.279,34
Mike Walters,Right Handed,77,203,0,0
Mike Warren,Right Handed,73,175,0,0
Mike Willis,Left Handed,74,205,0,0
Mike Young,Both Handed,74,195,0.247,72
Milt May,Left Handed,72,190,0.263,77
Mitchell Page,Left Handed,74,205,0.266,72
Narciso Elvira,Left Handed,70,160,0,0
Nardi Contreras,Both Handed,74,193,0,0
Nate Colbert,Right Handed,74,190,0.243,173
Nate Oliver,Right Handed,70,160,0.226,2
Ned Yost,Right Handed,73,190,0.212,16
Nelson Mathews,Right Handed,76,195,0.223,22
Nick Esasky,Right Handed,75,200,0.25,122
Norm Miller,Left Handed,70,185,0.238,24
Ollie Brown,Right Handed,74,178,0.265,102
Omar Moreno,Left Handed,74,180,0.252,37
Onix Concepcion,Right Handed,66,160,0.239,3
Orlando Mercado,Right Handed,72,180,0.199,7
Oscar Gamble,Left Handed,71,160,0.265,200
Oswaldo Peraza,Right Handed,76,172,0,0
Otto Velez,Right Handed,72,170,0.251,78
Ozzie Osborn,Right Handed,74,195,0,0
Ozzie Virgil,Right Handed,73,180,0.243,98
Pat Corrales,Right Handed,72,180,0.216,4
Pat Kelly,Left Handed,73,185,0.264,76
Pat Putnam,Left Handed,72,205,0.255,63
Pat Underwood,Left Handed,72,175,0,0
Paul Blair,Right Handed,72,168,0.25,134
Paul Boris,Right Handed,74,200,0,0
Paul Casanova,Right Handed,76,180,0.225,50
Paul Dade,Right Handed,73,185,0.27,10
Paul Hartzell,Right Handed,77,200,0,0
Paul Householder,Both Handed,72,180,0.236,29
Paul Mitchell,Right Handed,73,195,0,0
Paul Popovich,Both Handed,72,175,0.233,14
Paul Schaal,Right Handed,71,165,0.244,57
Paul Wilmet,Right Handed,71,170,0,0
Pedro Garcia,Right Handed,70,175,0.22,37
Pedro Gonzalez,Right Handed,72,176,0.244,8
Pepe Frias,Right Handed,70,159,0.24,1
Pepe Mangual,Right Handed,70,157,0.242,16
Pete Filson,Both Handed,74,195,0,0
Pete LaCock,Left Handed,74,200,0.257,27
Pete Mackanin,Right Handed,74,190,0.226,30
Pete Rose,Both Handed,71,192,0.303,160
Pete Ward,Left Handed,73,185,0.254,98
Phil Bradley,Right Handed,72,185,0.286,78
Phil Gagliano,Right Handed,73,180,0.238,14
Phil Garner,Right Handed,70,175,0.26,109
Phil Huffman,Right Handed,74,180,0,0
Phil Linz,Right Handed,73,180,0.235,11
Phil Mankowski,Left Handed,72,180,0.264,8
Phil Niekro,Right Handed,73,180,0.169,7
Phil Roof,Right Handed,74,190,0.215,43
R.J. Reynolds,Both Handed,72,190,0.267,35
Rafael Landestoy,Both Handed,70,165,0.237,4
Rafael Santana,Right Handed,73,165,0.246,13
Rafael Vasquez,Right Handed,72,160,0,0
Ralph Botting,Left Handed,72,195,0,0
Ralph Garr,Left Handed,71,185,0.306,75
Ramon Manon,Right Handed,72,150,0,0
Ramon Pena,Right Handed,70,155,0,0
Randy Hundley,Right Handed,71,170,0.236,82
Randy Jones,Right Handed,72,178,0.132,0
Randy Nosek,Right Handed,76,215,0,0
Randy Scarbery,Both Handed,73,185,0,0
Randy Wiles,Left Handed,73,185,0,0
Ray Burris,Right Handed,77,200,0.151,1
Ray Chadwick,Both Handed,74,180,0,0
Ray Culp,Right Handed,72,200,0.123,1
Ray Fosse,Right Handed,74,215,0.256,61
Ray Knight,Right Handed,73,185,0.271,84
Ray Oyler,Right Handed,71,165,0.175,15
Ray Sadecki,Left Handed,71,180,0.191,5
Ray Webster,Left Handed,72,185,0.244,17
Reggie Jackson,Left Handed,72,195,0.262,563
Reggie Ritter,Left Handed,74,195,0,0
Reggie Smith,Both Handed,72,180,0.287,314
Reid Nichols,Right Handed,71,165,0.266,22
Rennie Stennett,Right Handed,71,160,0.274,41
Rey Quinones,Right Handed,71,160,0.243,29
Rich Barnes,Right Handed,76,186,0,0
Rich Chiles,Left Handed,71,170,0.254,6
Rich Coggins,Left Handed,68,170,0.265,12
Rich Dauer,Right Handed,72,180,0.257,43
Rich McKinney,Right Handed,71,185,0.225,20
Rich Morales,Right Handed,71,170,0.195,6
Rich Reese,Left Handed,75,185,0.253,52
Rich Rollins,Right Handed,70,185,0.269,77
Rich Wortham,Right Handed,72,185,0,0
Rich Yett,Right Handed,74,187,0,0
Richie Hebner,Left Handed,73,195,0.276,203
Richie Scheinblum,Both Handed,73,180,0.263,13
Richie Zisk,Right Handed,73,200,0.287,207
Rick Anderson,Right Handed,74,210,0,0
Rick Auerbach,Right Handed,72,165,0.22,9
Rick Bosetti,Right Handed,71,185,0.25,17
Rick Burleson,Right Handed,70,165,0.273,50
Rick Henninger,Right Handed,78,225,0,0
Rick Jones,Left Handed,77,190,0,0
Rick Joseph,Right Handed,73,192,0.243,13
Rick Kreuger,Right Handed,74,185,0,0
Rick Leach,Left Handed,73,180,0.268,18
Rick Lysander,Right Handed,74,190,0,0
Rick Manning,Left Handed,73,180,0.257,56
Rick Miller,Left Handed,72,175,0.269,28
Rick Monday,Left Handed,75,193,0.264,241
Rick Peters,Both Handed,69,170,0.277,2
Rick Reichardt,Right Handed,75,210,0.261,116
Rick Renick,Right Handed,72,188,0.221,20
Rick Rhoden,Right Handed,75,195,0.238,9
Rick Sofield,Left Handed,73,195,0.243,9
Rick Steirer,Right Handed,76,200,0,0
Rick Sweet,Both Handed,73,200,0.234,6
Rick Wise,Right Handed,73,180,0.195,15
Rickey Keeton,Right Handed,74,190,0,0
Rico Carty,Right Handed,75,200,0.299,204
Rico Petrocelli,Right Handed,72,175,0.251,210
Rob Andrews,Right Handed,72,185,0.251,3
Rob Picciolo,Right Handed,74,185,0.234,17
Rob Wilfong,Left Handed,73,180,0.248,39
Rob Woodward,Right Handed,75,185,0,0
Roberto Pena,Right Handed,68,170,0.245,13
Rod Carew,Left Handed,72,170,0.328,92
Rod Gilbreath,Right Handed,74,180,0.248,14
Rod Kanehl,Right Handed,73,180,0.241,6
Rodney Scott,Both Handed,72,160,0.236,3
Roger Freed,Right Handed,72,190,0.245,22
Roger Metzger,Both Handed,72,165,0.231,5
Roger Miller,Right Handed,75,200,0,0
Roger Repoz,Left Handed,75,190,0.224,82
Roger Slagle,Right Handed,75,190,0,0
Roger Weaver,Right Handed,75,190,0,0
Ron Blomberg,Left Handed,73,195,0.293,52
Ron Brand,Right Handed,67,167,0.239,3
Ron Cey,Right Handed,70,185,0.261,316
Ron Clark,Right Handed,70,175,0.189,5
Ron Davis,Right Handed,72,175,0.233,10
Ron Gardenhire,Right Handed,72,175,0.232,4
Ron Hodges,Left Handed,73,185,0.24,19
Ron Hunt,Right Handed,72,186,0.273,39
Ron Jackson,Right Handed,72,200,0.259,56
Ron LeFlore,Right Handed,72,200,0.288,59
Ron Musselman,Right Handed,74,185,0,0
Ron Oester,Both Handed,74,185,0.265,42
Ron Pruitt,Right Handed,72,185,0.269,12
Ron Reed,Right Handed,78,215,0.158,0
Ron Roenicke,Both Handed,72,180,0.238,17
Ron Romanick,Right Handed,76,195,0,0
Ron Santo,Right Handed,72,190,0.277,342
Ron Stone,Left Handed,74,185,0.241,6
Ron Swoboda,Right Handed,74,195,0.242,73
Ron Theobald,Right Handed,68,165,0.248,2
Ron Washington,Right Handed,71,155,0.261,20
Ron Woods,Right Handed,70,168,0.233,26
Rowland Office,Left Handed,72,170,0.259,32
Roy Branch,Right Handed,72,175,0,0
Roy Foster,Right Handed,72,185,0.253,45
Roy Howell,Left Handed,73,190,0.261,80
Roy Smalley,Both Handed,73,185,0.257,163
Roy White,Both Handed,70,160,0.271,160
Rudy Law,Left Handed,73,165,0.271,18
Rudy Meoli,Left Handed,69,165,0.212,2
Rufino Linares,Right Handed,72,170,0.27,11
Ruppert Jones,Left Handed,70,170,0.25,147
Russ Gibson,Right Handed,73,195,0.228,8
Rusty Staub,Left Handed,74,190,0.279,292
Rusty Torres,Both Handed,70,175,0.212,35
Sal Bando,Right Handed,72,195,0.254,242
Sal Butera,Right Handed,72,190,0.227,8
Sam Bowens,Right Handed,73,188,0.223,45
Sam Hinds,Right Handed,78,215,0,0
Sam McDowell,Left Handed,77,190,0.154,2
Sandy Alomar,Both Handed,69,140,0.245,13
Sandy Valdespino,Left Handed,68,170,0.23,7
Sandy Wihtol,Right Handed,73,195,0,0
Scot Thompson,Left Handed,75,195,0.262,5
Shawn Holman,Right Handed,74,185,0,0
Sherman Corbett,Left Handed,76,205,0,0
Sixto Lezcano,Right Handed,70,165,0.271,148
Skip Jutze,Right Handed,71,190,0.215,3
Sonny Jackson,Left Handed,69,150,0.251,7
Sonny Siebert,Right Handed,75,190,0.173,12
Stan Papi,Right Handed,72,170,0.218,7
Stan Thomas,Right Handed,74,185,0,0
Stefan Wever,Right Handed,80,245,0,0
Steve Adkins,Right Handed,78,210,0,0
Steve Barber,Left Handed,72,195,0.115,5
Steve Barr,Left Handed,76,200,0,0
Steve Blass,Right Handed,72,165,0.172,1
Steve Braun,Left Handed,70,180,0.271,52
Steve Brown,Right Handed,77,200,0,0
Steve Brye,Right Handed,72,190,0.258,30
Steve Burke,Both Handed,74,200,0,0
Steve Carlton,Left Handed,76,210,0.201,13
Steve Cummings,Both Handed,74,200,0,0
Steve Curry,Right Handed,78,217,0,0
Steve Davis,Left Handed,73,195,0,0
Steve Dillard,Right Handed,73,180,0.243,13
Steve Eddy,Right Handed,74,185,0,0
Steve Ellsworth,Right Handed,80,220,0,0
Steve Garvey,Right Handed,70,192,0.294,272
Steve Henderson,Right Handed,74,190,0.28,68
Steve Hovley,Left Handed,70,188,0.258,8
Steve Huntz,Both Handed,73,204,0.206,16
Steve Jeltz,Both Handed,71,180,0.21,5
Steve Kemp,Left Handed,72,195,0.278,130
Steve Lombardozzi,Right Handed,72,175,0.233,20
Steve Nicosia,Right Handed,70,185,0.248,11
Steve Ontiveros,Both Handed,72,185,0.274,24
Steve Renko,Right Handed,77,230,0.215,6
Steve Rogers,Right Handed,74,175,0.138,0
Steve Senteney,Right Handed,74,205,0,0
Steve Swisher,Right Handed,74,205,0.216,20
Steve Whitaker,Left Handed,72,180,0.23,24
Steve Yeager,Right Handed,72,190,0.228,102
Syd O'Brien,Right Handed,73,185,0.23,24
T.R. Bryden,Right Handed,76,190,0,0
Ted Cox,Right Handed,75,195,0.245,10
Ted Ford,Right Handed,70,180,0.219,17
Ted Kubiak,Both Handed,72,175,0.231,13
Ted Martinez,Right Handed,72,165,0.24,7
Ted Savage,Right Handed,73,185,0.233,34
Ted Simmons,Both Handed,71,193,0.285,248
Ted Sizemore,Right Handed,70,165,0.262,23
Ted Uhlaender,Left Handed,74,190,0.263,36
Terry Crowley,Left Handed,72,180,0.25,42
Terry Felton,Right Handed,73,180,0,0
Terry Francona,Left Handed,73,190,0.274,16
Terry Harmon,Right Handed,74,180,0.233,4
Terry Harper,Right Handed,76,195,0.253,36
Terry Humphrey,Right Handed,75,185,0.211,6
Terry Taylor,Right Handed,73,180,0,0
Terry Whitfield,Left Handed,73,197,0.281,33
Terry Wilshusen,Right Handed,74,210,0,0
Thad Bosley,Left Handed,75,175,0.272,20
Thurman Munson,Right Handed,71,190,0.292,113
Tim Blackwell,Both Handed,71,170,0.228,6
Tim Corcoran,Left Handed,71,175,0.27,12
Tim Cullen,Right Handed,73,185,0.22,9
Tim Flannery,Left Handed,71,175,0.255,9
Tim Foli,Right Handed,72,179,0.251,25
Tim Harkness,Left Handed,74,182,0.235,14
Tim Johnson,Left Handed,73,170,0.223,0
Tim Laudner,Right Handed,75,212,0.225,77
Tito Fuentes,Both Handed,71,175,0.268,45
Tito Landrum,Right Handed,71,175,0.249,13
Toby Harrah,Right Handed,72,175,0.264,195
Todd Cruz,Right Handed,72,175,0.22,34
Todd Fischer,Right Handed,70,170,0,0
Tom Brookens,Right Handed,70,165,0.246,71
Tom Brown,Right Handed,73,170,0,0
Tom Buskey,Right Handed,75,200,0,0
Tom Dozier,Right Handed,74,190,0,0
Tom Egan,Right Handed,76,218,0.2,22
Tom Gilles,Right Handed,73,185,0,0
Tom Grieve,Right Handed,74,190,0.249,65
Tom Haller,Left Handed,76,195,0.257,134
Tom Hutton,Left Handed,71,180,0.248,22
Tom Klawitter,Right Handed,74,190,0,0
Tom Lawless,Right Handed,71,170,0.207,2
Tom Makowski,Right Handed,71,185,0,0
Tom Matchick,Left Handed,73,173,0.215,4
Tom McCarthy,Right Handed,72,180,0,0
Tom Nieto,Right Handed,73,193,0.205,5
Tom O'Malley,Left Handed,72,180,0.256,13
Tom Paciorek,Right Handed,76,215,0.282,86
Tom Poquette,Left Handed,70,175,0.268,10
Tom Satriano,Left Handed,73,185,0.225,21
Tom Seaver,Right Handed,73,195,0.154,12
Tom Tresh,Both Handed,73,180,0.245,153
Tom Veryzer,Right Handed,73,175,0.241,14
Tommie Aaron,Right Handed,75,190,0.229,13
Tommie Agee,Right Handed,71,195,0.255,130
Tommie Reynolds,Right Handed,74,190,0.226,12
Tommy Dean,Right Handed,72,165,0.18,4
Tommy Harper,Right Handed,69,165,0.257,146
Tommy Helms,Right Handed,70,165,0.269,34
Tommy John,Right Handed,75,180,0.157,5
Tommy McCraw,Left Handed,72,183,0.246,75
Tony Armas,Right Handed,71,182,0.252,251
Tony Arnold,Right Handed,71,170,0,0
Tony Chevez,Right Handed,71,177,0,0
Tony Cloninger,Right Handed,72,210,0.192,11
Tony Conigliaro,Right Handed,75,185,0.264,166
Tony Ferreira,Left Handed,73,160,0,0
Tony Gonzalez,Left Handed,69,170,0.286,103
Tony Horton,Right Handed,75,210,0.268,76
Tony Mack,Right Handed,70,177,0,0
Tony Muser,Left Handed,74,180,0.259,7
Tony Oliva,Left Handed,73,175,0.304,220
Tony Perez,Right Handed,74,175,0.279,379
Tony Scott,Both Handed,72,164,0.249,17
Tony Solaita,Left Handed,72,210,0.255,50
Tucker Ashford,Right Handed,73,195,0.218,6
Ty Cline,Left Handed,72,170,0.238,6
U L Washington,Both Handed,71,175,0.251,27
Vance Lovelace,Left Handed,77,205,0,0
Vern Fuller,Right Handed,73,170,0.232,14
Vic Correll,Right Handed,70,185,0.229,29
Vic Davalillo,Left Handed,67,150,0.279,36
Vic Harris,Both Handed,71,165,0.217,13
Vida Blue,Both Handed,72,189,0.104,4
Von Joshua,Left Handed,70,170,0.273,30
Wallace Johnson,Both Handed,72,173,0.255,5
Walt Bond,Left Handed,79,228,0.256,41
Walt Williams,Right Handed,66,165,0.27,33
Wayne Comer,Right Handed,70,175,0.229,16
Wayne Garrett,Left Handed,71,175,0.239,61
Wayne Gross,Left Handed,74,210,0.233,121
Wayne Krenchicki,Left Handed,73,180,0.266,15
Wayne Nordhagen,Right Handed,74,205,0.282,39
Wayne Tolleson,Both Handed,69,160,0.241,9
Wes Parker,Both Handed,73,180,0.267,64
Wilbur Howard,Both Handed,74,170,0.25,6
Willie Aikens,Left Handed,75,220,0.271,110
Willie Crawford,Left Handed,73,197,0.268,86
Willie Davis,Left Handed,74,180,0.279,182
Willie Horton,Right Handed,71,209,0.273,325
Willie Montanez,Left Handed,72,170,0.275,139
Willie Mueller,Right Handed,76,220,0,0
Willie Norwood,Right Handed,72,185,0.242,18
Willie Smith,Left Handed,72,182,0.248,46
Willie Stargell,Left Handed,74,188,0.282,475
Willie Upshaw,Left Handed,72,185,0.262,123
Win Remmerswaal,Right Handed,74,160,0,0
Winston Llenas,Right Handed,70,165,0.23,3
Woodie Fryman,Right Handed,75,197,0.138,2
Woody Woodward,Right Handed,74,180,0.236,1
Zach Crouch,Left Handed,75,180,0,0
